{"cameraMode":{"drawMode":0,"name":"Shaded","section":"Shading Mode"},"sceneLighting":false,"audioPlay":false,"sceneViewState":{"showFog":true,"showMaterialUpdate":false,"showSkybox":true,"showFlares":false,"showImageEffects":false,"showParticleSystems":false},"in2DMode":false,"pivot":{"x":1.2704709768295289,"y":-22.298118591308595,"z":-3.7949819564819338},"rotation":{"x":0.6776399612426758,"y":-0.002310863696038723,"z":-0.0005000232486054301,"w":0.7357490062713623},"size":56.66275405883789,"orthographic":false}