{"cameraMode":{"drawMode":0,"name":"Shaded","section":"Shading Mode"},"sceneLighting":false,"audioPlay":false,"sceneViewState":{"showFog":true,"showMaterialUpdate":false,"showSkybox":true,"showFlares":false,"showImageEffects":false,"showParticleSystems":false},"in2DMode":false,"pivot":{"x":-31.219947814941408,"y":-12.571975708007813,"z":4.9894490242004398},"rotation":{"x":0.42489320039749148,"y":0.09003795683383942,"z":-0.0446830689907074,"w":0.8999385237693787},"size":56.66275405883789,"orthographic":false}