{"cameraMode":{"drawMode":0,"name":"Shaded","section":"Shading Mode"},"sceneLighting":false,"audioPlay":false,"sceneViewState":{"showFog":true,"showMaterialUpdate":true,"showSkybox":false,"showFlares":true,"showImageEffects":true,"showParticleSystems":true},"in2DMode":false,"pivot":{"x":-0.03602304682135582,"y":-2.038762331008911,"z":3.432729721069336},"rotation":{"x":-0.3072480261325836,"y":-0.011631895788013935,"z":0.003818410448729992,"w":-0.9515936970710754},"size":3.0585029125213625,"orthographic":false}