{"cameraMode":{"drawMode":0,"name":"Shaded","section":"Shading Mode"},"sceneLighting":false,"audioPlay":false,"sceneViewState":{"showFog":true,"showMaterialUpdate":false,"showSkybox":true,"showFlares":false,"showImageEffects":false,"showParticleSystems":false},"in2DMode":false,"pivot":{"x":-112.1895980834961,"y":-595.65234375,"z":585.7606811523438},"rotation":{"x":0.37319105863571169,"y":-0.09636763483285904,"z":0.036973610520362857,"w":0.922280490398407},"size":477.30828857421877,"orthographic":false}