{"cameraMode":{"drawMode":0,"name":"Shaded","section":"Shading Mode"},"sceneLighting":false,"audioPlay":false,"sceneViewState":{"showFog":true,"showMaterialUpdate":false,"showSkybox":false,"showFlares":false,"showImageEffects":false,"showParticleSystems":false},"in2DMode":false,"pivot":{"x":-0.9891409873962402,"y":0.8118661046028137,"z":22.792264938354493},"rotation":{"x":-0.1123676672577858,"y":0.85008305311203,"z":-0.19653773307800294,"w":-0.47604039311408999},"size":1.0250422954559327,"orthographic":false}