{"cameraMode":{"drawMode":0,"name":"Shaded","section":"Shading Mode"},"sceneLighting":false,"audioPlay":false,"sceneViewState":{"showFog":true,"showMaterialUpdate":true,"showSkybox":false,"showFlares":true,"showImageEffects":true,"showParticleSystems":true},"in2DMode":false,"pivot":{"x":0.2652635872364044,"y":-1.0412884950637818,"z":-3.0437099933624269},"rotation":{"x":0.06680422276258469,"y":0.5871050953865051,"z":-0.04878796637058258,"w":0.8053481578826904},"size":4.31813907623291,"orthographic":false}