{"cameraMode":{"drawMode":0,"name":"Shaded","section":"Shading Mode"},"sceneLighting":false,"audioPlay":false,"sceneViewState":{"showFog":true,"showMaterialUpdate":false,"showSkybox":false,"showFlares":false,"showImageEffects":false,"showParticleSystems":false},"in2DMode":false,"pivot":{"x":-1.7701597213745118,"y":0.3357046842575073,"z":22.008577346801759},"rotation":{"x":-0.2587161660194397,"y":0.09824220836162567,"z":-0.0243880283087492,"w":-0.9608990550041199},"size":1.0250422954559327,"orthographic":false}