{"cameraMode":{"drawMode":0,"name":"Shaded","section":"Shading Mode"},"sceneLighting":false,"audioPlay":false,"sceneViewState":{"showFog":true,"showMaterialUpdate":false,"showSkybox":false,"showFlares":false,"showImageEffects":false,"showParticleSystems":false},"in2DMode":false,"pivot":{"x":-4.807584762573242,"y":1.9025397300720215,"z":31.48138999938965},"rotation":{"x":0.13605603575706483,"y":-0.8420718312263489,"z":0.2431688755750656,"w":0.4623386859893799},"size":7.244753360748291,"orthographic":false}