{"cameraMode":{"drawMode":0,"name":"Shaded","section":"Shading Mode"},"sceneLighting":false,"audioPlay":false,"sceneViewState":{"showFog":true,"showMaterialUpdate":false,"showSkybox":false,"showFlares":true,"showImageEffects":true,"showParticleSystems":true},"in2DMode":false,"pivot":{"x":-5.177391052246094,"y":0.5030938982963562,"z":-3.3545210361480715},"rotation":{"x":-0.18634739518165589,"y":0.7549359202384949,"z":-0.24250070750713349,"w":-0.5801233053207398},"size":0.9241347312927246,"orthographic":false}