{"cameraMode":{"drawMode":0,"name":"Shaded","section":"Shading Mode"},"sceneLighting":false,"audioPlay":false,"sceneViewState":{"showFog":true,"showMaterialUpdate":false,"showSkybox":false,"showFlares":true,"showImageEffects":true,"showParticleSystems":true},"in2DMode":false,"pivot":{"x":0.950842022895813,"y":0.4582212567329407,"z":-0.4839652180671692},"rotation":{"x":-0.20898546278476716,"y":0.6789836287498474,"z":-0.21138106286525727,"w":-0.6712879538536072},"size":1.0533498525619507,"orthographic":false}